{
	"id" : "BoschIndego",
	"name" : "BoschIndego",
	"description" : "Plugin pour les robots de tonte Bosch Indego",
	"licence" : "AGPL",
	"author" : "jpty",
	"require" : "3.3",
	"category" : "devicecommunication",
	"hasDependency" : false,
	"hasOwnDeamon" : false,
	"maxDependancyInstallTime" : 0,
	"changelog" : "https://jpty.github.io/jeedom/plugins/BoschIndego/fr_FR/changelog.html",
	"documentation" : "https://jpty.github.io/jeedom/plugins/BoschIndego/fr_FR/index.html",
	"link" : {
		"forum":"Lien vers le forum",
		"video" : "Lien vers une video"
	},
	"language" : ["fr_FR","en_US","de_DE","sp_SP","ru_RU","id_ID","it_IT"],
	"compatibility" : ["miniplus","smart","rpi","docker","diy","mobile"]
}
