[ {
  "alm_sn" : "802603030",
  "alert_id" : "5ce95b2163c534515a7e60f7",
  "error_code" : "104",
  "headline" : "Intervention nécessaire.",
  "date" : "2019-05-25T15:11:29.136Z",
  "message" : "Bouton stop activé. Le bouton stop a été activé. Veuillez suivre les instructions affichées sur l’écran de la tondeuse.",
  "read_status" : "unread",
  "flag" : "warning",
  "push" : true
}, {
  "alm_sn" : "802603030",
  "alert_id" : "5ce81b35fbf591575d584c1c",
  "error_code" : "104",
  "headline" : "Intervention nécessaire.",
  "date" : "2019-05-24T16:26:29.435Z",
  "message" : "Bouton stop activé. Le bouton stop a été activé. Veuillez suivre les instructions affichées sur l’écran de la tondeuse.",
  "read_status" : "unread",
  "flag" : "warning",
  "push" : true
} ]