[ {
  "alm_sn" : "802603030",
  "alert_id" : "5cdeb2a263c534449f676fea",
  "error_code" : "1005",
  "headline" : "Intervention nécessaire.",
  "date" : "2019-05-17T13:09:54.450Z",
  "message" : "Connexion à la station de charge impossible. Votre Indego n’a pas pu se connecter correctement à la station de charge. Vérifiez si la station de charge a été correctement installée et faites en sorte que la tondeuse regagne la station de charge.",
  "read_status" : "unread",
  "flag" : "warning",
  "push" : true
}, {
  "alm_sn" : "802603030",
  "alert_id" : "5cd830dafbf59125e765a04d",
  "error_code" : "1005",
  "headline" : "Intervention nécessaire.",
  "date" : "2019-05-12T14:42:34.814Z",
  "message" : "Connexion à la station de charge impossible. Votre Indego n’a pas pu se connecter correctement à la station de charge. Vérifiez si la station de charge a été correctement installée et faites en sorte que la tondeuse regagne la station de charge.",
  "read_status" : "unread",
  "flag" : "warning",
  "push" : true
}, {
  "alm_sn" : "802603030",
  "alert_id" : "5cd1924afbf59125e763e681",
  "error_code" : "104",
  "headline" : "Intervention nécessaire.",
  "date" : "2019-05-07T14:12:26.687Z",
  "message" : "Bouton stop activé. Le bouton stop a été activé. Veuillez suivre les instructions affichées sur l’écran de la tondeuse.",
  "read_status" : "unread",
  "flag" : "warning",
  "push" : true
}, {
  "alm_sn" : "802603030",
  "alert_id" : "5cb70bdd63c53436cd0baf65",
  "error_code" : "1138",
  "headline" : "Intervention nécessaire.",
  "date" : "2019-04-17T11:19:57.036Z",
  "message" : "Tondeuse immobilisée. Votre Indego s’est immobilisée. Veuillez ramener la tondeuse sur une zone plane de la pelouse et suivre les instructions affichées sur l’écran de la tondeuse. Si le problème persiste, veuillez éteindre puis rallumer votre Indego et votre station de charge.",
  "read_status" : "read",
  "flag" : "warning",
  "push" : true
}, {
  "alm_sn" : "802603030",
  "alert_id" : "5ca09a6763c53412c07b9e07",
  "error_code" : "1002",
  "headline" : "Intervention nécessaire.",
  "date" : "2019-03-31T10:45:59.021Z",
  "message" : "Tondeuse stoppée par un obstacle. Votre Indego a été stoppée par un obstacle près de la station de charge. Veuillez ramener la tondeuse à la station de charge après vous être assuré qu’il n’y a pas d’obstacles à proximité de la station de charge. ",
  "read_status" : "read",
  "flag" : "warning",
  "push" : true
} ]